"annee","jours_glissants","code_station","VCNx_annuel_spe"
"2000",10,"D013701001",3.78717948717949
"2001",10,"D013701001",2.04294871794872
"2002",10,"D013701001",1.475
"2003",10,"D013701001",0.961538461538461
"2004",10,"D013701001",1.51602564102564
"2005",10,"D013701001",1.4525641025641
"2006",10,"D013701001",1.47692307692308
"2007",10,"D013701001",2.20384615384615
"2008",10,"D013701001",1.34102564102564
"2009",10,"D013701001",1.36794871794872
"2010",10,"D013701001",1.25641025641026
"2011",10,"D013701001",1.04102564102564
"2012",10,"D013701001",1.04487179487179
"2013",10,"D013701001",1.51089743589744
"2014",10,"D013701001",2.59038461538462
"2015",10,"D013701001",1.74166666666667
"2016",10,"D013701001",2.05641025641026
"2017",10,"D013701001",1.57884615384615
"2018",10,"D013701001",1.40576923076923
"2019",10,"D013701001",1.41282051282051
"2020",10,"D013701001",1.6474358974359
"2021",10,"D013701001",2.81474358974359
"2022",10,"D013701001",1.52564102564103
"2023",10,"D013701001",1.98525641025641
"2024",10,"D013701001",2.21089743589744
"2000",10,"D013702001",1.54866920152091
"2001",10,"D013702001",2.40038022813688
"2002",10,"D013702001",1.69049429657795
"2003",10,"D013702001",0.99809885931559
"2004",10,"D013702001",2.23003802281369
"2005",10,"D013702001",1.61596958174905
"2006",10,"D013702001",1.97832699619772
"2007",10,"D013702001",3.30836501901141
"2008",10,"D013702001",3.86996197718631
"2009",10,"D013702001",2.73498098859316
"2010",10,"D013702001",3.90494296577947
"2011",10,"D013702001",1.65513307984791
"2012",10,"D013702001",1.4254752851711
"2013",10,"D013702001",1.26235741444867
"2014",10,"D013702001",1.3425855513308
"2015",10,"D013702001",1.40722433460076
"2016",10,"D013702001",1.65361216730038
"2017",10,"D013702001",0.935361216730038
"2018",10,"D013702001",1.40874524714829
"2019",10,"D013702001",1.64106463878327
"2020",10,"D013702001",1.81901140684411
"2021",10,"D013702001",1.51330798479087
"2022",10,"D013702001",1.06463878326996
"2023",10,"D013702001",1.43536121673004
"2024",10,"D013702001",1.60304182509506
"2000",10,"D013705001",3.22101449275362
"2001",10,"D013705001",3.28260869565217
"2002",10,"D013705001",2.60869565217391
"2003",10,"D013705001",2.56884057971015
"2004",10,"D013705001",2.59420289855073
"2005",10,"D013705001",2.41304347826087
"2006",10,"D013705001",2.29347826086957
"2007",10,"D013705001",2.28260869565217
"2008",10,"D013705001",2.47101449275362
"2009",10,"D013705001",2.53623188405797
"2010",10,"D013705001",2.47826086956522
"2011",10,"D013705001",2.42391304347826
"2012",10,"D013705001",1.70652173913043
"2013",10,"D013705001",1.11594202898551
"2014",10,"D013705001",2.57608695652174
"2015",10,"D013705001",1.15217391304348
"2016",10,"D013705001",1.23550724637681
"2017",10,"D013705001",0.670289855072464
"2018",10,"D013705001",0.789855072463768
"2019",10,"D013705001",1.22101449275362
"2020",10,"D013705001",0.58695652173913
"2021",10,"D013705001",1.97101449275362
"2022",10,"D013705001",1.17391304347826
"2023",10,"D013705001",1.58695652173913
"2024",10,"D013705001",1.65942028985507
"2000",10,"D015651001",1.07513227513228
"2001",10,"D015651001",0.811640211640211
"2002",10,"D015651001",0.756084656084656
"2003",10,"D015651001",0.756084656084656
"2004",10,"D015651001",0.799470899470899
"2005",10,"D015651001",0.795238095238095
"2006",10,"D015651001",1.51428571428571
"2007",10,"D015651001",2.21058201058201
"2008",10,"D015651001",1.95661375661376
"2009",10,"D015651001",2.8984126984127
"2010",10,"D015651001",0.774074074074074
"2011",10,"D015651001",2.47089947089947
"2012",10,"D015651001",2.21322751322751
"2013",10,"D015651001",2.0031746031746
"2014",10,"D015651001",2.18835978835979
"2015",10,"D015651001",1.75714285714286
"2016",10,"D015651001",1.85238095238095
"2017",10,"D015651001",1.66719576719577
"2018",10,"D015651001",1.60582010582011
"2019",10,"D015651001",1.8
"2020",10,"D015651001",1.4031746031746
"2021",10,"D015651001",1.75767195767196
"2022",10,"D015651001",1.51216931216931
"2023",10,"D015651001",1.57619047619048
"2024",10,"D015651001",1.47566137566138
"2000",10,"D015652001",2.1834375
"2001",10,"D015652001",1.6378125
"2002",10,"D015652001",1.1453125
"2003",10,"D015652001",0.7509375
"2004",10,"D015652001",1.23125
"2005",10,"D015652001",0.9540625
"2006",10,"D015652001",1.518125
"2007",10,"D015652001",2.206875
"2008",10,"D015652001",1.9390625
"2009",10,"D015652001",1.6525
"2010",10,"D015652001",1.4221875
"2011",10,"D015652001",1.665
"2012",10,"D015652001",1.9828125
"2013",10,"D015652001",1.8521875
"2014",10,"D015652001",1.43875
"2015",10,"D015652001",1.398125
"2016",10,"D015652001",1.599375
"2017",10,"D015652001",0.9815625
"2018",10,"D015652001",1.27875
"2019",10,"D015652001",1.13125
"2020",10,"D015652001",1.1840625
"2021",10,"D015652001",1.7384375
"2022",10,"D015652001",1.47
"2023",10,"D015652001",1.691875
"2024",10,"D015652001",3.1834375
"2000",10,"D015850001",4.32114882506527
"2001",10,"D015850001",3.21932114882507
"2002",10,"D015850001",3.32375979112272
"2003",10,"D015850001",1.62924281984334
"2004",10,"D015850001",2.36031331592689
"2005",10,"D015850001",2.9242819843342
"2006",10,"D015850001",4.75195822454308
"2007",10,"D015850001",4.00783289817232
"2008",10,"D015850001",4.59007832898172
"2009",10,"D015850001",3.21409921671018
"2010",10,"D015850001",3.66057441253264
"2011",10,"D015850001",3.20626631853786
"2012",10,"D015850001",3.81201044386423
"2013",10,"D015850001",4.68929503916449
"2014",10,"D015850001",4.32637075718016
"2015",10,"D015850001",4.33159268929504
"2016",10,"D015850001",4.48563968668407
"2017",10,"D015850001",3.61096605744125
"2018",10,"D015850001",3.75195822454308
"2019",10,"D015850001",4.09660574412533
"2020",10,"D015850001",4.25065274151436
"2021",10,"D015850001",4.10443864229765
"2022",10,"D015850001",2.1644908616188
"2023",10,"D015850001",2.59268929503916
"2024",10,"D015850001",5.05221932114883
"2000",10,"D019701001",1.58333333333333
"2001",10,"D019701001",1.32291666666667
"2002",10,"D019701001",1.28125
"2003",10,"D019701001",0.902777777777778
"2004",10,"D019701001",0.817708333333333
"2005",10,"D019701001",0.880208333333333
"2006",10,"D019701001",0.942708333333333
"2007",10,"D019701001",1.25
"2008",10,"D019701001",1.140625
"2009",10,"D019701001",0.713541666666667
"2010",10,"D019701001",1.02083333333333
"2011",10,"D019701001",1.01041666666667
"2012",10,"D019701001",1.05208333333333
"2013",10,"D019701001",0.833333333333333
"2014",10,"D019701001",1.04166666666667
"2015",10,"D019701001",0.979166666666667
"2016",10,"D019701001",1.28645833333333
"2017",10,"D019701001",0.828125
"2018",10,"D019701001",0.9375
"2019",10,"D019701001",1
"2020",10,"D019701001",0.828125
"2021",10,"D019701001",1.25
"2022",10,"D019701001",0.5
"2023",10,"D019701001",1.63541666666667
"2024",10,"D019701001",2.546875
"2000",10,"D020601001",10.0008695652174
"2001",10,"D020601001",9.33565217391304
"2002",10,"D020601001",4.58434782608696
"2003",10,"D020601001",3.21304347826087
"2004",10,"D020601001",3.78173913043478
"2005",10,"D020601001",3.21739130434783
"2006",10,"D020601001",3.70869565217391
"2007",10,"D020601001",4.87826086956522
"2008",10,"D020601001",3.53652173913043
"2009",10,"D020601001",3.67217391304348
"2010",10,"D020601001",4.30608695652174
"2011",10,"D020601001",3.77304347826087
"2012",10,"D020601001",3.6095652173913
"2013",10,"D020601001",4.38782608695652
"2014",10,"D020601001",4.99826086956522
"2015",10,"D020601001",4.30434782608696
"2016",10,"D020601001",2.65478260869565
"2017",10,"D020601001",1.64173913043478
"2018",10,"D020601001",1.5304347826087
"2019",10,"D020601001",1.75913043478261
"2020",10,"D020601001",1.57391304347826
"2021",10,"D020601001",2.90695652173913
"2022",10,"D020601001",1.75565217391304
"2023",10,"D020601001",2.13217391304348
"2024",10,"D020601001",3.84695652173913
"2000",10,"E172601002",7.96937984496124
"2001",10,"E172601002",10.6841085271318
"2002",10,"E172601002",8.55426356589147
"2003",10,"E172601002",6.67906976744186
"2004",10,"E172601002",5.16124031007752
"2005",10,"E172601002",4.50116279069767
"2006",10,"E172601002",4.93023255813953
"2007",10,"E172601002",3.39883720930233
"2008",10,"E172601002",5.12093023255814
"2009",10,"E172601002",7.35968992248062
"2010",10,"E172601002",5.59991386735573
"2011",10,"E172601002",5.69767441860465
"2012",10,"E172601002",7.70581395348837
"2013",10,"E172601002",8.8437984496124
"2014",10,"E172601002",8.55077519379845
"2015",10,"E172601002",8.26899224806201
"2016",10,"E172601002",6.99922480620155
"2017",10,"E172601002",5.68139534883721
"2018",10,"E172601002",5.31279069767442
"2019",10,"E172601002",4.6608527131783
"2020",10,"E172601002",5.30232558139535
"2021",10,"E172601002",5.76976744186046
"2022",10,"E172601002",5.83953488372093
"2023",10,"E172601002",5.62829457364341
"2024",10,"E172601002",6.49573643410853
"2000",10,"E172751001",4.33294797687861
"2001",10,"E172751001",5.20693641618497
"2002",10,"E172751001",4.98959537572254
"2003",10,"E172751001",4.07919075144509
"2004",10,"E172751001",3.46011560693642
"2005",10,"E172751001",3.26531791907514
"2006",10,"E172751001",3.55317919075145
"2007",10,"E172751001",3.95664739884393
"2008",10,"E172751001",4.87225433526012
"2009",10,"E172751001",4.75664739884393
"2010",10,"E172751001",3.93757225433526
"2011",10,"E172751001",3.70578034682081
"2012",10,"E172751001",4.06184971098266
"2013",10,"E172751001",3.9364161849711
"2014",10,"E172751001",4.24739884393064
"2015",10,"E172751001",3.83526011560694
"2016",10,"E172751001",3.95606936416185
"2017",10,"E172751001",2.89768786127168
"2018",10,"E172751001",2.07225433526012
"2019",10,"E172751001",2.39306358381503
"2020",10,"E172751001",2.19884393063584
"2021",10,"E172751001",3.2271676300578
"2022",10,"E172751001",2.78092485549133
"2023",10,"E172751001",1.80751445086705
"2024",10,"E172751001",4.52138728323699
"2000",10,"E176601001",3.83710407239819
"2001",10,"E176601001",4.17307692307692
"2002",10,"E176601001",3.63574660633484
"2003",10,"E176601001",3.09049773755656
"2004",10,"E176601001",3.05769230769231
"2005",10,"E176601001",2.65045248868778
"2006",10,"E176601001",2.8552036199095
"2007",10,"E176601001",2.91289592760181
"2008",10,"E176601001",3.31787330316742
"2009",10,"E176601001",4.23076923076923
"2010",10,"E176601001",4.23529411764706
"2011",10,"E176601001",3.19909502262443
"2012",10,"E176601001",4.09049773755656
"2013",10,"E176601001",4.21153846153846
"2014",10,"E176601001",2.61085972850679
"2015",10,"E176601001",3.13461538461538
"2016",10,"E176601001",3.35294117647059
"2017",10,"E176601001",2.35633484162896
"2018",10,"E176601001",2.39932126696833
"2019",10,"E176601001",1.30316742081448
"2020",10,"E176601001",1.96266968325792
"2021",10,"E176601001",2.55542986425339
"2022",10,"E176601001",1.72850678733032
"2023",10,"E176601001",1.77601809954751
"2024",10,"E176601001",3.67081447963801
"2000",10,"E182702001",3.24791666666667
"2001",10,"E182702001",3.05166666666667
"2002",10,"E182702001",3.63041666666667
"2003",10,"E182702001",1.98708333333333
"2004",10,"E182702001",1.54041666666667
"2005",10,"E182702001",1.36666666666667
"2006",10,"E182702001",1.8975
"2007",10,"E182702001",2.02958333333333
"2008",10,"E182702001",3.86208333333333
"2009",10,"E182702001",0.802083333333333
"2010",10,"E182702001",1.82625
"2011",10,"E182702001",0.944583333333333
"2012",10,"E182702001",1.94125
"2013",10,"E182702001",1.90125
"2014",10,"E182702001",2.6725
"2015",10,"E182702001",2.4225
"2016",10,"E182702001",2.36041666666667
"2017",10,"E182702001",1.38791666666667
"2018",10,"E182702001",0.88625
"2019",10,"E182702001",0.787916666666667
"2020",10,"E182702001",0.92625
"2021",10,"E182702001",2.34583333333333
"2022",10,"E182702001",1.34375
"2023",10,"E182702001",1.50375
"2024",10,"E182702001",4.40958333333333
"2000",10,"E237721001",0.638571428571429
"2001",10,"E237721001",1.76571428571429
"2003",10,"E237721001",0.322857142857143
"2004",10,"E237721001",0.712857142857143
"2005",10,"E237721001",0.324285714285714
"2006",10,"E237721001",0.418571428571429
"2007",10,"E237721001",0.525714285714286
"2008",10,"E237721001",1.18142857142857
"2009",10,"E237721001",0.127142857142857
"2010",10,"E237721001",0.74
"2017",10,"E237721001",0.666666666666667
"2018",10,"E237721001",0.148571428571429
"2019",10,"E237721001",0.361428571428571
"2020",10,"E237721001",0.0571428571428571
"2021",10,"E237721001",0.711428571428572
"2022",10,"E237721001",0
"2023",10,"E237721001",0.942857142857143
"2024",10,"E237721001",1.14857142857143
"2000",10,"E334601001",3.61185185185185
"2001",10,"E334601001",3.03851851851852
"2002",10,"E334601001",1.41925925925926
"2003",10,"E334601001",1.23851851851852
"2004",10,"E334601001",0.953333333333333
"2005",10,"E334601001",1.4437037037037
"2006",10,"E334601001",1.20444444444444
"2007",10,"E334601001",1.76296296296296
"2008",10,"E334601001",1.88592592592593
"2009",10,"E334601001",0.863703703703704
"2010",10,"E334601001",0.863703703703704
"2011",10,"E334601001",0.731111111111111
"2012",10,"E334601001",2.44074074074074
"2013",10,"E334601001",0.57037037037037
"2014",10,"E334601001",2.35851851851852
"2015",10,"E334601001",1.18222222222222
"2016",10,"E334601001",0.772592592592592
"2017",10,"E334601001",0.914074074074074
"2018",10,"E334601001",0.742962962962963
"2019",10,"E334601001",0.566666666666667
"2020",10,"E334601001",0.731111111111111
"2021",10,"E334601001",0.72962962962963
"2022",10,"E334601001",0.328888888888889
"2023",10,"E334601001",0.314074074074074
"2024",10,"E334601001",1.48518518518519
"2000",10,"E490571001",0.399581589958159
"2001",10,"E490571001",0.433054393305439
"2002",10,"E490571001",0.466108786610879
"2003",10,"E490571001",0.425523012552301
"2004",10,"E490571001",0.437238493723849
"2005",10,"E490571001",0.646861924686193
"2006",10,"E490571001",0.473221757322176
"2007",10,"E490571001",0.674058577405858
"2008",10,"E490571001",0.568200836820084
"2009",10,"E490571001",0.435146443514644
"2010",10,"E490571001",0.839748953974895
"2011",10,"E490571001",0.45020920502092
"2012",10,"E490571001",0.990376569037657
"2013",10,"E490571001",0.642259414225941
"2014",10,"E490571001",0.537238493723849
"2015",10,"E490571001",0.364016736401674
"2016",10,"E490571001",0.133891213389121
"2017",10,"E490571001",0.214644351464435
"2018",10,"E490571001",0.189539748953975
"2019",10,"E490571001",0.164016736401674
"2020",10,"E490571001",0.0728033472803347
"2021",10,"E490571001",0.148535564853556
"2022",10,"E490571001",0.0418410041841004
"2023",10,"E490571001",0.0782426778242678
"2000",10,"E490571101",1.23636363636364
"2001",10,"E490571101",1.40606060606061
"2002",10,"E490571101",0.733333333333333
"2003",10,"E490571101",0.181818181818182
"2004",10,"E490571101",0.203030303030303
"2005",10,"E490571101",0.306060606060606
"2006",10,"E490571101",0
"2007",10,"E490571101",1.73636363636364
"2008",10,"E490571101",0.354545454545455
"2009",10,"E490571101",0.178787878787879
"2010",10,"E490571101",0.409090909090909
"2011",10,"E490571101",0
"2012",10,"E490571101",2.06060606060606
"2013",10,"E490571101",0
"2014",10,"E490571101",0.339393939393939
"2015",10,"E490571101",0.0484848484848485
"2016",10,"E490571101",0
"2017",10,"E490571101",0
"2018",10,"E490571101",0
"2019",10,"E490571101",0.00909090909090909
"2020",10,"E490571101",0.0636363636363636
"2021",10,"E490571101",0.00909090909090909
"2022",10,"E490571101",0
"2023",10,"E490571101",0
"2024",10,"E490571101",0.0181818181818182
"2000",10,"E490700501",0.761818181818182
"2001",10,"E490700501",1.32181818181818
"2002",10,"E490700501",1.09090909090909
"2003",10,"E490700501",0.94
"2004",10,"E490700501",0.152727272727273
"2005",10,"E490700501",0.854545454545455
"2006",10,"E490700501",0.185454545454545
"2007",10,"E490700501",0.601818181818182
"2008",10,"E490700501",0.361818181818182
"2009",10,"E490700501",0.163636363636364
"2010",10,"E490700501",0.450909090909091
"2011",10,"E490700501",0.229090909090909
"2012",10,"E490700501",0.169090909090909
"2013",10,"E490700501",0.158181818181818
"2014",10,"E490700501",0.476363636363636
"2015",10,"E490700501",0.22
"2016",10,"E490700501",0.225454545454545
"2017",10,"E490700501",0.218181818181818
"2018",10,"E490700501",0.230909090909091
"2019",10,"E490700501",0.218181818181818
"2020",10,"E490700501",0.0763636363636364
"2021",10,"E490700501",0.294545454545455
"2022",10,"E490700501",0.0927272727272727
"2023",10,"E490700501",0.0927272727272727
"2024",10,"E490700501",0.150909090909091
"2000",10,"D020602001",3.92898550724638
"2001",10,"D020602001",4.15507246376812
"2002",10,"D020602001",3.41739130434783
"2003",10,"D020602001",2.65652173913043
"2004",10,"D020602001",3.36231884057971
"2005",10,"D020602001",2.22608695652174
"2006",10,"D020602001",2.56231884057971
"2007",10,"D020602001",4.75942028985507
"2008",10,"D020602001",4.42173913043478
"2009",10,"D020602001",3.99565217391304
"2010",10,"D020602001",3.46086956521739
"2011",10,"D020602001",3.4
"2012",10,"D020602001",3.97246376811594
"2013",10,"D020602001",3.85217391304348
"2014",10,"D020602001",4.07826086956522
"2015",10,"D020602001",3.73333333333333
"2016",10,"D020602001",4.08695652173913
"2017",10,"D020602001",2.66376811594203
"2018",10,"D020602001",2.80579710144928
"2019",10,"D020602001",2.4463768115942
"2020",10,"D020602001",2.32173913043478
"2021",10,"D020602001",3.53623188405797
"2022",10,"D020602001",1.73623188405797
"2023",10,"D020602001",2.18840579710145
"2024",10,"D020602001",3.56666666666667
"2000",10,"E236741001",0.403846153846154
"2001",10,"E236741001",0.284615384615385
"2002",10,"E236741001",0.351923076923077
"2003",10,"E236741001",0.315384615384615
"2004",10,"E236741001",0.161538461538462
"2005",10,"E236741001",0.273076923076923
"2006",10,"E236741001",0.680769230769231
"2007",10,"E236741001",0.615384615384615
"2008",10,"E236741001",0.615384615384615
"2009",10,"E236741001",0.538461538461538
"2010",10,"E236741001",0.434615384615385
"2011",10,"E236741001",0.663461538461538
"2012",10,"E236741001",0.638461538461539
"2013",10,"E236741001",0.921153846153846
"2014",10,"E236741001",0.190384615384615
"2015",10,"E236741001",0.207692307692308
"2016",10,"E236741001",0.240384615384615
"2017",10,"E236741001",0.265384615384615
"2018",10,"E236741001",0.307692307692308
"2019",10,"E236741001",0.271153846153846
"2020",10,"E236741001",0.226923076923077
"2021",10,"E236741001",0.269230769230769
"2022",10,"E236741001",0.244230769230769
"2023",10,"E236741001",0.153846153846154
"2024",10,"E236741001",0.451923076923077
"2000",10,"E237601001",1.61363636363636
"2001",10,"E237601001",1.30454545454545
"2002",10,"E237601001",1.71969696969697
"2003",10,"E237601001",1.11666666666667
"2004",10,"E237601001",0.872727272727273
"2005",10,"E237601001",1.42878787878788
"2006",10,"E237601001",2.2
"2007",10,"E237601001",2.41060606060606
"2008",10,"E237601001",0.845454545454545
"2009",10,"E237601001",0.353030303030303
"2010",10,"E237601001",1.40606060606061
"2017",10,"E237601001",0.696969696969697
"2018",10,"E237601001",0.690909090909091
"2019",10,"E237601001",0.721212121212121
"2020",10,"E237601001",0.00151515151515152
"2021",10,"E237601001",0.577272727272727
"2022",10,"E237601001",0.131818181818182
"2023",10,"E237601001",0.865151515151515
"2024",10,"E237601001",1.22575757575758
"2000",10,"E131000202",NA
"2001",10,"E131000202",NA
"2002",10,"E131000202",NA
"2003",10,"E131000202",NA
"2004",10,"E131000202",NA
"2005",10,"E131000202",NA
"2006",10,"E131000202",NA
"2007",10,"E131000202",NA
"2008",10,"E131000202",NA
"2009",10,"E131000202",NA
"2010",10,"E131000202",NA
"2011",10,"E131000202",NA
"2012",10,"E131000202",NA
"2013",10,"E131000202",NA
"2014",10,"E131000202",NA
"2015",10,"E131000202",NA
"2016",10,"E131000202",NA
"2017",10,"E131000202",NA
"2018",10,"E131000202",NA
"2019",10,"E131000202",NA
"2020",10,"E131000202",NA
"2021",10,"E131000202",NA
"2022",10,"E131000202",NA
"2023",10,"E131000202",NA
"2024",10,"E131000202",NA
"2003",10,"E182702602",2.43125719401458
"2004",10,"E182702602",1.78923135950889
"2005",10,"E182702602",1.73423711472055
"2006",10,"E182702602",1.61529607366671
"2007",10,"E182702602",1.34671952935158
"2008",10,"E182702602",1.62041181736795
"2009",10,"E182702602",1.95165622202328
"2010",10,"E182702602",1.12546361427293
"2011",10,"E182702602",1.39404015858805
"2012",10,"E182702602",1.09604808799079
"2013",10,"E182702602",1.18429466683719
"2014",10,"E182702602",1.80713646246323
"2015",10,"E182702602",1.9925821716332
"2016",10,"E182702602",2.33022125591508
"2017",10,"E182702602",1.14081084537665
"2018",10,"E182702602",0.932344289551094
"2019",10,"E182702602",0.496227139020335
"2020",10,"E182702602",0.870955365136207
"2021",10,"E182702602",1.66133776697787
"2022",10,"E182702602",0.666325617086584
"2023",10,"E182702602",0.700856887069958
"2024",10,"E182702602",2.47729888732575
"2004",10,"E367125002",0.775978326309452
"2005",10,"E367125002",1.8530403371463
"2006",10,"E367125002",2.03413606261288
"2007",10,"E367125002",3.90288982540638
"2008",10,"E367125002",3.16026490066225
"2009",10,"E367125002",1.97880794701987
"2010",10,"E367125002",2.73263094521373
"2011",10,"E367125002",2.85147501505117
"2012",10,"E367125002",0
"2013",10,"E367125002",2.00674292594822
"2014",10,"E367125002",2.75141481035521
"2015",10,"E367125002",2.10523780854907
"2016",10,"E367125002",2.27134256472005
"2017",10,"E367125002",1.19139072847682
"2018",10,"E367125002",1.63317278747742
"2019",10,"E367125002",0.92787477423239
"2020",10,"E367125002",1.96387718242023
"2021",10,"E367125002",2.41956652618904
"2022",10,"E367125002",0.75948223961469
"2024",10,"E367125002",2.95550872968092
"2004",10,"E237110501",1.53430034129693
"2005",10,"E237110501",2.47320819112628
"2006",10,"E237110501",2.02542662116041
"2007",10,"E237110501",3.55563139931741
"2008",10,"E237110501",3.34095563139932
"2009",10,"E237110501",2.4518771331058
"2010",10,"E237110501",2.7438566552901
"2011",10,"E237110501",2.59453924914676
"2012",10,"E237110501",4.66945392491468
"2013",10,"E237110501",2.53310580204778
"2014",10,"E237110501",5.88310580204778
"2016",10,"E237110501",8.20534698521047
"2017",10,"E237110501",4.58310580204778
"2018",10,"E237110501",18.4752559726962
"2019",10,"E237110501",1.59117503656753
"2020",10,"E237110501",6.54470989761092
"2021",10,"E237110501",3.23549488054608
"2022",10,"E237110501",0.915813424345847
"2023",10,"E237110501",0.203071672354949
"2024",10,"E237110501",2.31968145620023
"2004",10,"E240041101",2.83039765796536
"2005",10,"E240041101",4.02537204196145
"2008",10,"E240041101",4.24781654061966
"2009",10,"E240041101",4.25190813090301
"2010",10,"E240041101",4.90363503293486
"2011",10,"E240041101",0.859687031680201
"2012",10,"E240041101",5.09897535984386
"2013",10,"E240041101",6.06245425713589
"2014",10,"E240041101",2.9461088070261
"2015",10,"E240041101",3.58780190290315
"2016",10,"E240041101",2.93093437423762
"2017",10,"E240041101",1.6561844352281
"2018",10,"E240041101",2.16247865333008
"2019",10,"E240041101",1.63291046596731
"2020",10,"E240041101",2.54471822395706
"2021",10,"E240041101",3.66833373993657
"2022",10,"E240041101",1.34928031227129
"2023",10,"E240041101",1.57328616735789
"2024",10,"E240041101",4.34296169797512
"2005",10,"D019223001",1.49076923076923
"2006",10,"D019223001",1.92521367521368
"2007",10,"D019223001",2.31555555555556
"2008",10,"D019223001",2.50299145299145
"2009",10,"D019223001",1.79418803418803
"2010",10,"D019223001",2.02282051282051
"2011",10,"D019223001",1.82769230769231
"2012",10,"D019223001",2.78846153846154
"2013",10,"D019223001",3.12982905982906
"2014",10,"D019223001",3.4017094017094
"2015",10,"D019223001",4.02763532763533
"2016",10,"D019223001",2.64521367521367
"2017",10,"D019223001",0.834401709401709
"2018",10,"D019223001",0.504178537511871
"2019",10,"D019223001",0.838717948717949
"2020",10,"D019223001",0.826410256410256
"2021",10,"D019223001",1.80104463437797
"2022",10,"D019223001",0.501282051282051
"2023",10,"D019223001",0.683333333333333
"2024",10,"D019223001",1.43390313390313
"2005",10,"E381126501",2.13669243511872
"2006",10,"E381126501",2.32070679182772
"2010",10,"E381126501",6.90226394257316
"2011",10,"E381126501",0.04527885146328
"2012",10,"E381126501",4.38216454997239
"2014",10,"E381126501",3.85085588072888
"2015",10,"E381126501",2.67796797349531
"2016",10,"E381126501",3.28036996134732
"2017",10,"E381126501",1.5662617338487
"2018",10,"E381126501",1.96018774157924
"2019",10,"E381126501",1.28467697404749
"2020",10,"E381126501",1.72305356156819
"2021",10,"E381126501",3.16902263942573
"2022",10,"E381126501",1.33348978464936
"2023",10,"E381126501",0.66882937603534
"2024",10,"E381126501",0.93904534020492
"2005",10,"E341210001",2.06137366099559
"2006",10,"E341210001",2.63371140516698
"2007",10,"E341210001",4.14858223062382
"2008",10,"E341210001",4.89218651543793
"2009",10,"E341210001",2.35393824826717
"2010",10,"E341210001",0.601344255408528
"2011",10,"E341210001",3.72463768115942
"2012",10,"E341210001",1.89287964713296
"2016",10,"E341210001",3.29363579080025
"2017",10,"E341210001",0.771644612476371
"2018",10,"E341210001",2.46282293635791
"2019",10,"E341210001",2.09262759924386
"2020",10,"E341210001",2.98424700693132
"2021",10,"E341210001",4.27095148078135
"2022",10,"E341210001",0.488342785129175
"2023",10,"E341210001",0.892669607225373
"2024",10,"E341210001",4.74725897920605
"2005",10,"E182701002",1.11978021978022
"2006",10,"E182701002",1.35054945054945
"2007",10,"E182701002",1.61868131868132
"2008",10,"E182701002",1.35164835164835
"2009",10,"E182701002",1.23516483516483
"2010",10,"E182701002",1.99230769230769
"2011",10,"E182701002",1.58791208791209
"2012",10,"E182701002",1.52857142857143
"2013",10,"E182701002",1.44065934065934
"2014",10,"E182701002",2.38571428571429
"2015",10,"E182701002",1.44615384615385
"2016",10,"E182701002",2.38351648351648
"2017",10,"E182701002",1.06043956043956
"2018",10,"E182701002",1.0043956043956
"2019",10,"E182701002",0.948351648351649
"2020",10,"E182701002",1.05054945054945
"2021",10,"E182701002",2.56593406593407
"2022",10,"E182701002",1.28571428571429
"2023",10,"E182701002",1.62307692307692
"2024",10,"E182701002",3.77362637362637
"2007",10,"D015656001",1.841796875
"2008",10,"D015656001",1.439453125
"2009",10,"D015656001",0.59765625
"2010",10,"D015656001",1.40546875
"2011",10,"D015656001",1.860546875
"2012",10,"D015656001",2.039453125
"2013",10,"D015656001",1.76875
"2014",10,"D015656001",1.848828125
"2015",10,"D015656001",1.6671875
"2016",10,"D015656001",1.552734375
"2017",10,"D015656001",1.242578125
"2018",10,"D015656001",1.184375
"2019",10,"D015656001",1.189453125
"2020",10,"D015656001",1.0921875
"2021",10,"D015656001",1.307421875
"2022",10,"D015656001",1.144140625
"2023",10,"D015656001",1.24921875
"2024",10,"D015656001",1.53359375
"2009",10,"E490941401",NA
"2010",10,"E490941401",NA
"2011",10,"E490941401",NA
"2012",10,"E490941401",NA
"2013",10,"E490941401",NA
"2014",10,"E490941401",NA
"2015",10,"E490941401",NA
"2016",10,"E490941401",NA
"2017",10,"E490941401",NA
"2018",10,"E490941401",NA
"2019",10,"E490941401",NA
"2020",10,"E490941401",NA
"2021",10,"E490941401",NA
"2022",10,"E490941401",NA
"2023",10,"E490941401",NA
"2024",10,"E490941401",NA
"2011",10,"E400000101",NA
"2012",10,"E400000101",NA
"2013",10,"E400000101",NA
"2014",10,"E400000101",NA
"2015",10,"E400000101",NA
"2016",10,"E400000101",NA
"2017",10,"E400000101",NA
"2018",10,"E400000101",NA
"2019",10,"E400000101",NA
"2020",10,"E400000101",NA
"2023",10,"E400000101",NA
"2024",10,"E400000101",NA
"2014",10,"D015850401",NA
"2015",10,"D015850401",NA
"2016",10,"D015850401",NA
"2017",10,"D015850401",NA
"2018",10,"D015850401",NA
"2019",10,"D015850401",NA
"2020",10,"D015850401",NA
"2021",10,"D015850401",NA
"2022",10,"D015850401",NA
"2023",10,"D015850401",NA
"2024",10,"D015850401",NA
"2014",10,"D015850501",0.327343888987725
"2015",10,"D015850501",0.23839174524106
"2016",10,"D015850501",0.24372887386586
"2017",10,"D015850501",0.252624088240527
"2018",10,"D015850501",0.236612702366127
"2019",10,"D015850501",0.343355274862124
"2020",10,"D015850501",0.291763031489059
"2021",10,"D015850501",0.359366660736524
"2022",10,"D015850501",0.241949830990927
"2023",10,"D015850501",0.199252801992528
"2024",10,"D015850501",0.74719800747198
